"replicate_group","sample_ids","sample_type","n_replicates","mean_concentration","std_dev","std_error","ci_lower_95","ci_upper_95","ci_lower_model","ci_upper_model","ci_lower_replicate","ci_upper_replicate","ci_lower_raw","ci_upper_raw","ci_truncated","cv_percent","mean_response","within_range","range_flag","quant_status"
"BA","A6","Sample",1,4.53371066328397e-07,NA,NA,1.8337387651345e-07,7.23368256143344e-07,1.8337387651345e-07,7.23368256143344e-07,4.53371066328397e-07,4.53371066328397e-07,1.8337387651345e-07,7.23368256143344e-07,FALSE,NA,8285,"Out of Range","<LLOQ","Interpolated"
"BB","C4,C5,C6","Sample",3,6.22758603818715e-08,3.113480165189e-08,1.79756861148843e-08,0,1.39618995313198e-07,2.34190069644447e-08,1.355475058066e-07,-1.50672745494548e-08,1.39618995313198e-07,-1.50672745494548e-08,1.39618995313198e-07,TRUE,49.9949763214404,7765.33333333333,"Out of Range","<LLOQ","Interpolated"
"BC","E4,E5,E6","Sample",3,1.0877959999683e-09,8.35419751699571e-10,4.82329818530078e-10,0,3.1630937103063e-09,2.92998280504825e-10,2.24122141501706e-09,-9.87501710369701e-10,3.1630937103063e-09,-9.87501710369701e-10,3.1630937103063e-09,TRUE,76.7993035205053,1530.33333333333,"Out of Range","<LLOQ","Interpolated"
"BD","G4,G5,G6","Sample",3,7.35611203368259e-08,2.63596390209881e-08,1.52187446845088e-08,8.08014697666385e-09,1.44599666241777e-07,3.20038096500876e-08,1.44599666241777e-07,8.08014697666385e-09,1.39042093696988e-07,8.08014697666385e-09,1.44599666241777e-07,FALSE,35.8336562851287,7891.33333333333,"Out of Range","<LLOQ","Interpolated"
"CA","A7,A8,A9","Sample",3,1.41202407704546e-08,1.35291669361287e-08,7.81106817248527e-09,0,4.77285545650575e-08,3.59335111762977e-09,3.80801317890654e-08,-1.94880730241483e-08,4.77285545650575e-08,-1.94880730241483e-08,4.77285545650575e-08,TRUE,95.813996064694,5677.33333333333,"Out of Range","<LLOQ","Interpolated"
"CB","C7,C8,C9","Sample",3,9.38900701302325e-09,7.59770648015568e-09,4.38653788154165e-09,0,2.82627562031878e-08,2.70874933162817e-09,2.20324653285546e-08,-9.48474217714134e-09,2.82627562031878e-08,-9.48474217714134e-09,2.82627562031878e-08,TRUE,80.9212994475039,5165.33333333333,"Out of Range","<LLOQ","Interpolated"
"CC","E7,E8,E9","Sample",3,1.7308297336529e-10,4.8299605020429e-11,2.78857899602973e-11,5.31001030713966e-11,2.97680622242845e-10,8.55602262494688e-11,2.97680622242845e-10,5.31001030713966e-11,2.93065843659183e-10,5.31001030713966e-11,2.97680622242845e-10,FALSE,27.9054629587933,292,"Out of Range","<LLOQ","Interpolated"
"CD","G7,G8,G9","Sample",3,1.74844600326843e-08,1.19112417624445e-08,6.87695863793002e-09,0,4.7073624888548e-08,5.79782720705237e-09,3.92344857911786e-08,-1.21047048231795e-08,4.7073624888548e-08,-1.21047048231795e-08,4.7073624888548e-08,TRUE,68.1247332784563,6359.66666666667,"Out of Range","<LLOQ","Interpolated"
"DA","A10,A11,A12","Sample",3,1.05467856594756e-09,8.27048887698561e-10,4.77496897945745e-10,0,3.10918189734072e-09,2.73635776789304e-10,2.19719195787302e-09,-9.99824765445602e-10,3.10918189734072e-09,-9.99824765445602e-10,3.10918189734072e-09,TRUE,78.4171513863576,1489.66666666667,"Out of Range","<LLOQ","Interpolated"
"DB","C10,C11,C12","Sample",3,8.02044090339267e-10,5.31894286016564e-10,3.07089309212087e-10,0,2.12334274489753e-09,2.37299531753188e-10,1.56065913113573e-09,-5.19254564218996e-10,2.12334274489753e-09,-5.19254564218996e-10,2.12334274489753e-09,TRUE,66.3173374660202,1208.33333333333,"Out of Range","<LLOQ","Interpolated"
"DC","E12","Sample",1,1.37258249383998e-07,NA,NA,7.40415900195861e-08,2.00474908748409e-07,7.40415900195861e-08,2.00474908748409e-07,1.37258249383998e-07,1.37258249383998e-07,7.40415900195861e-08,2.00474908748409e-07,FALSE,NA,8124,"Out of Range","<LLOQ","Interpolated"
"DD","G10,G11,G12","Sample",3,1.46045543261106e-09,1.10497654541585e-09,6.37958505944061e-10,0,4.20536933967816e-09,4.27220299449311e-10,2.97327391682576e-09,-1.28445847445604e-09,4.20536933967816e-09,-1.28445847445604e-09,4.20536933967816e-09,TRUE,75.6597237233268,1920,"Out of Range","<LLOQ","Interpolated"
"FA","B4,B5,B6","Sample",3,1.5850775767051e-10,2.94231158891893e-11,1.6987443879021e-11,8.33681960238221e-11,2.52655243574226e-10,8.33681960238221e-11,2.52655243574226e-10,8.54166858929743e-11,2.31598829448045e-10,8.33681960238221e-11,2.52655243574226e-10,FALSE,18.5625715243232,267.666666666667,"Out of Range","<LLOQ","Interpolated"
"FB","D4,D5,D6","Sample",3,1.52986711892149e-10,3.19976350677348e-11,1.84738432197881e-11,7.35001799335646e-11,2.50469542035398e-10,7.90089785418182e-11,2.50469542035398e-10,7.35001799335646e-11,2.32473243850734e-10,7.35001799335646e-11,2.50469542035398e-10,FALSE,20.9153034743907,258.333333333333,"Out of Range","<LLOQ","Interpolated"
"FC","F4,F5,F6","Sample",3,1.6794545520284e-08,1.31660460710781e-08,7.60142024329996e-09,0,4.95008170800914e-08,4.85584992416003e-09,4.06008833100794e-08,-1.59117260395234e-08,4.95008170800914e-08,-1.59117260395234e-08,4.95008170800914e-08,TRUE,78.3947743937251,6170.33333333333,"Out of Range","<LLOQ","Interpolated"
"FD","H4,H5,H6","Sample",3,2.05885269982805e-10,7.77102848884501e-11,4.48660538991492e-11,1.28422207005449e-11,3.98928319265066e-10,8.99685458192385e-11,3.7433000216208e-10,1.28422207005449e-11,3.98928319265066e-10,1.28422207005449e-11,3.98928319265066e-10,FALSE,37.7444607353115,346.333333333333,"Out of Range","<LLOQ","Interpolated"
"GA","B7,B8,B9","Sample",3,3.56584171968705e-09,2.91361322531536e-09,1.68217537995028e-09,0,1.08036582101474e-08,8.68072483430122e-10,7.73507274871129e-09,-3.67197477077334e-09,1.08036582101474e-08,-3.67197477077334e-09,1.08036582101474e-08,TRUE,81.7089891912271,3340.33333333333,"Out of Range","<LLOQ","Interpolated"
"GB","D7,D8,D9","Sample",3,6.06418028479281e-07,9.00116585705133e-07,5.19682553058905e-07,0,2.86587248344454e-06,3.26356766233683e-08,2.86587248344454e-06,-1.62959552704279e-06,2.84243158400135e-06,-1.62959552704279e-06,2.86587248344454e-06,TRUE,148.431699493229,8057,"Out of Range","<LLOQ","Interpolated"
"GC","F7,F8,F9","Sample",3,1.2956231617647e-09,9.87917432294163e-10,5.70374395472159e-10,0,3.74974611142218e-09,3.65750390336669e-10,2.64984169402714e-09,-1.15849978789279e-09,3.74974611142218e-09,-1.15849978789279e-09,3.74974611142218e-09,TRUE,76.2503682744121,1753.66666666667,"Out of Range","<LLOQ","Interpolated"
"GD","H7,H8,H9","Sample",3,2.80210812739947e-09,3.03155772336274e-09,1.75027066764737e-09,0,1.03329149933528e-08,7.72747442777076e-11,6.93620509945398e-09,-4.72869873855389e-09,1.03329149933528e-08,-4.72869873855389e-09,1.03329149933528e-08,TRUE,108.188463311593,2631,"Out of Range","<LLOQ","Interpolated"
"HA","B10,B11,B12","Sample",3,3.57566519841329e-10,1.91868349352984e-10,1.10775243147915e-10,0,8.34193922160365e-10,1.36622586699259e-10,6.93183962849557e-10,-1.19060882477707e-10,8.34193922160365e-10,-1.19060882477707e-10,8.34193922160365e-10,TRUE,53.6594839578735,588.333333333333,"Out of Range","<LLOQ","Interpolated"
"HB","D10,D11,D12","Sample",3,1.1709110838247e-08,8.92181412565945e-09,5.15101178710929e-09,0,3.38721257650244e-08,3.66711973698654e-09,2.70948157799837e-08,-1.04539040885305e-08,3.38721257650244e-08,-1.04539040885305e-08,3.38721257650244e-08,TRUE,76.1954878462418,5627.33333333333,"Out of Range","<LLOQ","Interpolated"
"HC","F10,F11,F12","Sample",3,1.89863298789859e-10,5.70954252384897e-11,3.29640591309382e-11,4.8030399786505e-11,3.31696197793213e-10,9.04111310639335e-11,3.28075609155627e-10,4.8030399786505e-11,3.31696197793213e-10,4.8030399786505e-11,3.31696197793213e-10,FALSE,30.0718599131068,320,"Out of Range","<LLOQ","Interpolated"
"HD","H10,H11,H12","Sample",3,5.24223754527588e-10,3.58176789350493e-10,2.06793465748983e-10,0,1.4139842244268e-09,1.55683295808939e-10,1.07508956586531e-09,-3.65536715371625e-10,1.4139842244268e-09,-3.65536715371625e-10,1.4139842244268e-09,TRUE,68.3251734125,831.333333333333,"Out of Range","<LLOQ","Interpolated"
